area_id,area_name,0-4,5-9,10-14,15-19,20-24,25-29,30-34,35-39,40-44,45-49,50-54,55-59,60-64,65-69,70-74,75-79,80-84,85_and_over,total_persons,females,males
101021007,Braidwood,225,245,212,196,120,129,188,179,279,283,294,389,316,335,250,160,71,74,3945,1945,2000
101021008,Karabar,569,598,562,602,584,589,589,558,599,635,589,581,487,396,273,216,101,87,8615,4355,4260
101021009,Queanbeyan,804,537,413,453,842,1240,1135,843,757,715,703,601,529,487,341,281,242,312,11235,5589,5646
101021010,Queanbeyan - East,386,270,203,240,386,530,514,356,315,365,352,345,249,191,143,102,55,47,5049,2455,2594
101021011,Queanbeyan Region,1126,1326,1300,1187,868,936,939,1105,1364,1512,1426,1309,1108,905,522,286,126,90,17435,8555,8880
101021012,Queanbeyan West - Jerrabomberra,919,1089,1075,1049,802,744,851,868,1111,1272,1134,786,546,395,224,179,83,66,13193,6608,6585
101031013,Bombala,143,151,123,123,115,114,129,113,122,152,181,194,190,205,130,82,63,95,2425,1186,1239
101031014,Cooma,351,402,367,421,373,410,404,356,422,455,492,487,408,434,344,280,240,244,6890,3403,3487
101031015,Cooma Region,141,224,215,215,111,105,138,142,219,274,269,286,280,252,220,132,68,43,3334,1624,1710
101031016,Jindabyne - Berridale,333,483,484,402,518,558,442,453,557,552,538,504,401,355,222,129,96,64,7091,3285,3806
101041017,Batemans Bay,390,475,430,360,313,352,360,337,416,428,460,586,666,733,560,406,272,298,7842,3993,3849
101041018,Batemans Bay - South,383,440,451,436,319,307,332,358,465,469,554,646,729,850,698,490,314,329,8570,4445,4125
101041019,Bega - Tathra,501,576,549,513,393,371,450,433,477,556,625,727,622,533,447,354,237,243,8607,4414,4193
101041020,Bega-Eden Hinterland,408,533,598,558,279,294,365,347,483,671,824,953,958,758,426,254,148,104,8961,4452,4509
101041021,Broulee - Tomakin,130,188,199,168,132,101,130,152,177,188,225,283,272,276,208,190,140,158,3317,1692,1625
101041022,Deua - Wadbilliga,0,0,1,0,0,2,0,2,0,0,6,1,0,3,0,0,1,11,27,14,13
101041023,Eden,177,162,172,164,141,143,154,144,180,181,219,272,270,283,218,160,112,129,3281,1660,1621
101041024,Eurobodalla Hinterland,132,161,204,213,145,119,119,148,188,242,326,335,319,326,206,93,57,33,3366,1652,1714
101041025,Merimbula - Tura Beach,429,556,556,504,429,401,434,455,538,663,722,891,923,1042,804,623,431,434,10835,5630,5205
101041026,Moruya - Tuross Head,310,406,413,438,280,274,321,307,445,467,610,755,813,753,601,420,278,205,8096,4061,4035
101041027,Narooma - Bermagui,374,423,414,355,270,309,304,348,381,480,562,844,1056,1033,769,504,340,405,9171,4656,4515
102011028,Avoca Beach - Copacabana,467,583,604,560,379,340,345,467,555,609,589,534,472,395,270,204,87,86,7546,3728,3818
102011029,Box Head - MacMasters Beach,586,696,661,692,498,422,441,522,725,747,757,862,790,920,659,455,267,256,10956,5569,5387
102011030,Calga - Kulnura,220,254,304,320,243,244,228,223,331,412,419,403,334,322,259,135,95,65,4811,2283,2528
102011031,Erina - Green Point,695,778,916,838,670,627,588,626,845,909,906,962,878,903,840,707,655,897,14240,7541,6699
102011032,Gosford - Springfield,1200,1079,963,977,1291,1585,1445,1218,1268,1153,1353,1231,1142,990,759,602,446,582,19284,9849,9435
102011033,Kariong,472,502,497,591,502,357,420,471,498,499,488,411,271,192,145,113,78,52,6559,3207,3352
102011034,Kincumber - Picketts Valley,404,458,448,416,375,365,335,369,439,440,426,460,400,417,446,401,344,486,7429,3973,3456
102011035,Narara,463,470,448,459,456,470,392,421,490,471,490,510,392,353,230,142,86,86,6829,3471,3358
102011036,Niagara Park - Lisarow,525,605,617,606,502,450,450,507,561,619,609,573,468,392,256,171,124,167,8202,4123,4079
102011037,Point Clare - Koolewong,371,412,373,343,278,337,345,357,465,452,461,456,347,355,358,269,182,168,6329,3245,3084
102011038,Saratoga - Davistown,498,479,442,419,362,374,395,434,449,459,473,468,427,433,358,277,200,195,7142,3666,3476
102011039,Terrigal - North Avoca,816,860,828,873,853,887,800,812,916,953,928,992,944,868,677,416,283,203,13909,7040,6869
102011040,Umina - Booker Bay - Patonga,1410,1405,1218,1221,1252,1168,1333,1322,1528,1515,1546,1580,1595,1695,1512,1026,784,927,24037,12441,11596
102011041,Wamberal - Forresters Beach,691,803,730,655,547,473,601,608,742,727,671,648,599,560,415,295,195,186,10146,5094,5052
102011042,Woy Woy - Blackwall,784,759,681,737,749,714,740,806,851,909,937,1000,938,959,848,638,492,639,14181,7367,6814
102011043,Wyoming,721,764,675,724,687,677,744,694,668,675,690,692,654,646,561,427,359,599,11657,6045,5612
102021044,Bateau Bay - Killarney Vale,1490,1528,1321,1345,1265,1254,1423,1350,1339,1333,1370,1435,1316,1262,988,786,669,938,22412,11721,10691
102021045,Blue Haven - San Remo,900,939,879,912,846,738,706,674,753,770,654,601,527,475,366,280,163,122,11305,5792,5513
102021046,Budgewoi - Buff Point - Halekulani,590,570,541,509,536,517,535,506,528,580,629,680,624,619,571,481,277,277,9570,4819,4751
102021047,Chittaway Bay - Tumbi Umbi,993,1133,1046,1050,975,916,926,896,1011,1057,1082,1071,915,775,614,468,356,430,15714,8048,7666
102021048,Gorokan - Kanwal - Charmhaven,1328,1390,1422,1401,1505,1339,1226,1163,1272,1414,1401,1421,1359,1305,1060,925,694,864,22489,11580,10909
102021049,Jilliby - Yarramalong,198,207,259,292,187,148,162,196,263,301,298,289,230,186,109,81,33,35,3474,1732,1742
102021050,Lake Munmorah - Mannering Park,583,619,587,612,617,549,543,502,533,640,694,720,705,841,870,681,420,268,10984,5610,5374
102021051,Ourimbah - Fountaindale,286,373,368,341,366,319,289,266,332,370,387,365,311,235,173,100,52,61,4994,2491,2503
102021052,Summerland Point - Gwandalan,324,368,390,355,340,279,308,294,393,378,400,396,377,465,338,217,137,85,5844,2882,2962
102021053,The Entrance,870,846,760,769,855,903,900,842,949,933,1048,999,1013,1074,866,646,483,481,15237,7839,7398
102021054,Toukley - Norah Head,586,530,459,479,577,537,535,495,527,569,586,695,678,722,596,509,406,480,9966,5075,4891
102021055,Tuggerah - Kangy Angy,394,386,384,384,329,383,347,347,386,381,325,315,284,237,222,178,102,85,5469,2775,2694
102021056,Warnervale - Wadalba,1192,1411,1339,1161,872,780,1017,1111,1240,1026,889,717,656,641,566,437,256,262,15573,7989,7584
102021057,Wyong,590,592,605,582,621,603,502,517,566,613,616,586,487,529,407,271,174,160,9021,4580,4441
103011058,Bathurst,1537,1549,1467,1778,2412,1975,1589,1379,1421,1443,1416,1413,1306,1148,911,699,519,579,24541,12323,12218
103011059,Bathurst - East,926,979,959,892,667,695,697,669,769,741,625,643,572,542,383,277,217,219,11472,5775,5697
103011060,Bathurst Region,327,434,513,496,326,246,330,344,490,580,612,573,502,516,382,174,102,70,7017,3287,3730
103011061,Oberon,287,291,259,308,311,268,213,241,249,315,306,306,346,391,294,156,109,103,4753,2265,2488
103021062,Condobolin,561,507,449,353,397,380,443,333,367,348,434,457,422,394,307,269,197,185,6803,3378,3425
103021063,Cowra,572,581,561,569,527,457,444,438,504,550,604,606,643,636,481,437,313,377,9300,4787,4513
103021064,Cowra Region,269,362,381,313,242,201,223,258,327,386,440,425,415,447,336,255,131,131,5542,2711,2831
103021065,Forbes,696,728,720,679,545,592,525,510,554,620,717,650,645,654,529,435,325,270,10394,5156,5238
103021066,Grenfell,196,227,201,187,121,143,149,201,189,215,264,283,292,322,249,187,112,142,3680,1835,1845
103021067,Parkes (NSW),820,860,731,810,696,659,702,607,629,668,695,698,627,538,478,393,316,331,11258,5806,5452
103021068,Parkes Region,186,237,232,226,165,118,141,163,177,233,274,293,279,246,182,123,83,77,3435,1667,1768
103021069,West Wyalong,370,470,417,351,282,300,329,330,364,323,382,462,388,354,254,240,183,205,6004,3000,3004
103031070,Lithgow,824,755,676,746,807,875,755,633,806,760,855,932,782,831,725,561,388,384,13095,6446,6649
103031071,Lithgow Region,452,526,538,475,380,406,372,440,520,587,703,682,656,638,489,257,154,145,8420,4124,4296
103031072,Mudgee,1037,926,748,677,685,825,886,741,724,788,738,696,551,512,504,394,286,292,12010,6119,5891
103031073,Mudgee Region - East,184,167,205,177,124,132,141,162,194,257,271,268,286,301,289,173,87,85,3503,1710,1793
103031074,Mudgee Region - West,674,773,677,587,463,480,495,523,625,762,820,804,716,790,596,374,227,158,10544,5110,5434
103031075,Wollangambe - Wollemi,0,0,0,0,0,0,0,0,0,0,0,0,0,0,0,0,0,0,0,0,0
103041076,Blayney,488,563,537,467,348,406,355,414,479,519,524,530,475,410,336,251,167,161,7430,3725,3705
103041077,Orange,1305,1256,1096,1284,1180,1286,1233,1105,1056,1189,1180,1214,1124,1061,873,742,612,661,19457,10126,9331
103041078,Orange - North,1803,1747,1429,1299,1236,1504,1538,1361,1491,1272,1136,1101,919,848,628,439,312,235,20298,10291,10007
103041079,Orange Region,812,927,922,877,486,482,610,623,808,815,851,849,708,778,501,327,233,197,11806,5823,5983
104011080,Grafton,1205,1285,1177,1194,1046,1121,1013,1028,1099,1071,1209,1279,1140,1140,958,783,624,703,19075,9747,9328
104011081,Grafton Region,738,952,930,972,635,577,552,668,912,1058,1354,1481,1432,1283,876,482,307,237,15446,7533,7913
104011082,Maclean - Yamba - Iluka,704,837,813,850,523,559,596,646,877,913,1083,1307,1497,1609,1306,991,678,651,16440,8350,8090
104021083,Bellingen,369,487,439,354,177,231,258,317,426,409,436,496,480,383,266,170,117,121,5936,3108,2828
104021084,Coffs Harbour - North,1099,1169,1107,1099,1078,1135,1034,925,1065,1094,1108,1218,1086,1161,860,684,482,498,17902,9296,8606
104021085,Coffs Harbour - South,557,574,563,609,689,630,610,537,590,599,615,664,649,608,556,548,389,548,10535,5625,4910
104021086,Coramba - Nana Glen - Bucca,229,275,279,259,180,150,210,200,284,313,311,324,281,240,146,106,48,27,3862,1906,1956
104021087,Dorrigo,156,200,172,189,112,122,123,139,159,197,263,354,293,256,209,144,90,75,3253,1631,1622
104021088,Korora - Emerald Beach,603,664,622,497,359,424,479,542,633,653,670,702,678,593,400,263,116,112,9010,4584,4426
104021089,Sawtell - Boambee,1093,1438,1295,1281,1062,934,1007,1015,1223,1305,1401,1421,1436,1286,960,736,515,539,19947,10253,9694
104021090,Urunga,186,236,257,258,172,182,188,179,268,332,383,422,421,379,301,237,192,165,4758,2405,2353
104021091,Woolgoolga - Arrawarra,791,811,749,705,599,799,736,646,725,738,809,996,1045,897,592,469,345,288,12740,6379,6361
105011092,Bourke - Brewarrina,341,359,281,208,298,341,263,217,251,330,330,286,208,180,124,77,69,60,4223,2095,2128
105011093,Cobar,400,386,289,259,277,367,381,305,290,248,342,334,262,213,137,124,83,75,4772,2311,2461
105011094,Coonamble,329,296,290,214,240,258,238,190,233,302,312,323,268,264,182,149,89,101,4278,2151,2127
105011095,Nyngan - Warren,368,374,315,295,293,319,265,242,315,324,371,334,265,300,264,209,134,116,5103,2567,2536
105011096,Walgett - Lightning Ridge,471,510,401,299,368,446,385,363,380,420,475,523,451,419,349,242,107,74,6683,3170,3513
105021097,Broken Hill,1048,1059,985,981,1039,1194,1033,878,1019,1130,1245,1394,1225,1119,883,666,538,591,18027,9222,8805
105021098,Far West,198,183,123,153,157,181,192,149,159,152,182,183,179,156,114,48,33,29,2571,1189,1382
105031099,Coonabarabran,417,542,529,433,321,368,345,372,433,484,586,627,630,630,474,354,265,265,8075,4041,4034
105031100,Dubbo - East,821,797,690,757,756,778,676,615,634,665,750,761,600,468,338,264,158,174,10702,5529,5173
105031101,Dubbo - South,1320,1284,1050,1038,1145,1441,1269,1039,1038,1052,967,1050,844,708,629,580,426,500,17380,9131,8249
105031102,Dubbo - West,780,706,631,594,646,694,668,511,585,537,511,442,399,430,348,282,163,116,9043,4634,4409
105031103,Dubbo Region,362,471,414,343,270,221,311,328,368,417,442,470,432,350,236,137,88,68,5728,2758,2970
105031104,Gilgandra,283,310,271,248,234,247,212,215,232,266,312,319,299,279,243,226,123,133,4452,2241,2211
105031105,Narromine,504,520,460,393,345,339,365,329,382,391,416,476,431,403,346,234,177,183,6694,3326,3368
105031106,Wellington,579,584,549,552,586,564,532,459,496,528,586,629,557,584,457,345,231,246,9064,4322,4742
106011107,Branxton - Greta - Pokolbin,785,853,757,637,591,671,742,737,708,716,609,688,599,572,378,172,100,89,10404,5146,5258
106011108,Cessnock,1622,1555,1377,1369,1630,1591,1529,1295,1407,1308,1311,1379,1212,1155,924,676,546,540,22426,11223,11203
106011109,Cessnock Region,432,590,577,527,421,357,435,418,564,636,595,646,610,534,327,196,109,88,8062,4059,4003
106011110,Dungog,510,644,588,569,397,400,473,494,542,628,711,732,694,600,419,344,202,167,9114,4531,4583
106011111,Kurri Kurri - Abermain,1298,1334,1148,1197,1199,1235,1200,1049,1121,1158,1067,1166,1077,999,729,441,314,325,18057,9071,8986
106011112,Singleton,1234,1266,1104,1248,1220,1250,1132,1050,1145,1152,1084,960,748,618,426,328,263,293,16521,8099,8422
106011113,Singleton Region,310,394,353,323,224,246,284,292,360,368,401,423,338,294,214,114,69,30,5037,2455,2582
106021114,Maitland,607,479,364,379,471,649,531,455,435,442,383,395,317,252,180,154,130,189,6812,3424,3388
106021115,Maitland - East,1956,2046,1919,1809,1740,1853,1878,1764,1829,1852,1741,1669,1557,1462,1065,821,615,515,28091,14445,13646
106021116,Maitland - North,513,669,619,544,381,419,448,447,588,596,505,501,449,379,300,182,117,136,7793,3944,3849
106021117,Maitland - West,2045,1861,1534,1466,1698,1814,1761,1578,1479,1376,1326,1204,1070,1020,774,494,335,344,23179,11867,11312
106021118,Thornton - Millers Forest,828,826,741,709,670,733,723,691,748,709,701,693,520,419,258,165,77,48,10259,5161,5098
106031119,Anna Bay,296,306,391,442,321,254,232,264,380,428,444,458,386,430,388,254,142,97,5913,3002,2911
106031120,Lemon Tree Passage - Tanilba Bay,409,464,377,304,293,350,354,301,372,386,463,541,569,588,491,298,166,156,6882,3416,3466
106031121,Nelson Bay Peninsula,943,1198,1167,1089,920,861,901,966,1239,1209,1391,1476,1540,1864,1720,1242,819,902,21447,11051,10396
106031122,Raymond Terrace,1036,1055,894,903,1025,959,860,812,826,847,954,895,866,713,514,392,281,275,14107,7135,6972
106031123,Seaham - Woodville,279,384,465,481,313,246,209,277,415,462,508,418,365,318,172,103,61,34,5510,2754,2756
106031124,Tea Gardens - Hawks Nest,159,174,177,208,161,144,149,178,190,223,298,374,488,691,621,422,267,237,5161,2599,2562
106031125,Williamtown - Medowie - Karuah,995,1030,976,919,836,787,876,881,1037,962,987,861,803,779,610,362,197,118,14016,6877,7139
106041126,Muswellbrook,1069,991,862,744,827,990,986,798,756,833,835,694,595,501,353,238,194,137,12403,6056,6347
106041127,Muswellbrook Region,272,301,326,270,209,199,240,272,285,309,307,270,209,192,184,98,67,55,4065,1964,2101
106041128,Scone,379,451,434,363,294,434,374,354,392,394,353,370,321,283,234,194,155,185,5964,3020,2944
106041129,Scone Region,527,647,598,459,397,470,496,491,577,530,601,592,561,522,365,263,187,162,8445,4255,4190
107011131,Dapto - Avondale,1588,1534,1507,1552,1478,1401,1443,1463,1513,1473,1542,1472,1329,1444,1177,922,622,585,24045,12335,11710
107011132,Horsley - Kembla Grange,698,753,730,691,500,550,653,674,687,593,581,516,426,314,242,182,113,82,8985,4588,4397
107011133,Port Kembla Industrial,0,0,0,0,0,1,1,1,0,2,2,2,2,0,0,0,0,0,11,2,9
107011134,Unanderra - Mount Kembla,920,1038,1073,1117,1128,944,963,907,1073,1041,1164,1096,956,789,576,378,367,488,16018,8199,7819
107021135,Illawarra Catchment Reserve,0,0,0,1,0,0,0,0,0,0,0,0,0,2,2,0,0,0,5,2,3
107031136,Albion Park - Macquarie Pass,1070,1129,1097,1188,977,899,954,965,1034,983,1002,887,684,582,400,309,207,286,14653,7524,7129
107031137,Albion Park Rail,484,455,397,455,480,489,496,360,404,383,486,468,424,388,300,215,158,226,7068,3616,3452
107031138,Kiama,370,383,427,435,394,340,342,378,462,479,542,579,632,604,560,384,264,313,7888,4025,3863
107031139,Kiama Downs - Minnamurra,403,376,399,353,344,301,352,333,382,372,415,507,452,381,265,168,134,107,6044,3025,3019
107031140,Kiama Hinterland - Gerringong,427,478,524,500,378,354,353,393,488,489,557,606,673,544,467,309,217,270,8027,4114,3913
107031141,Shellharbour - Flinders,1172,1418,1417,1219,1087,909,1114,1216,1400,1278,1155,1036,861,839,590,373,243,160,17487,8785,8702
107031142,Shellharbour - Oak Flats,633,564,609,707,656,631,643,537,655,638,721,768,701,602,409,353,247,237,10311,5305,5006
107031143,Warilla,1325,1341,1193,1339,1413,1282,1188,1079,1204,1279,1401,1426,1263,1264,1100,878,564,453,20992,10691,10301
107041144,Balgownie - Fairy Meadow,1322,1250,1191,1513,1866,1423,1385,1272,1413,1396,1380,1331,1138,1087,949,826,619,657,22018,11191,10827
107041145,Corrimal - Tarrawanna - Bellambi,1007,992,850,984,1058,1003,1027,1014,1023,1021,1112,1085,915,832,628,512,415,472,15950,8171,7779
107041146,Figtree - Keiraville,1267,1507,1399,1591,2045,1479,1308,1338,1523,1319,1266,1210,1084,1007,861,693,527,552,21976,11015,10961
107041147,Helensburgh,711,672,621,641,570,492,525,638,730,639,729,589,476,352,258,165,109,128,9045,4461,4584
107041148,Thirroul - Austinmer - Coalcliff,738,879,817,692,588,585,620,769,904,854,888,926,771,664,430,274,208,202,11809,5960,5849
107041150,Woonona - Bulli - Russell Vale,1430,1512,1390,1275,1084,1031,1231,1340,1514,1411,1347,1269,1134,965,783,585,457,513,20271,10469,9802
108011151,Bulahdelah - Stroud,229,281,274,257,200,212,180,208,269,368,408,385,402,360,283,212,138,124,4790,2353,2437
108011152,Forster,659,752,745,756,551,578,589,611,737,768,861,986,1132,1308,1211,917,680,766,14607,7650,6957
108011153,Forster-Tuncurry Region,296,406,390,319,190,185,221,290,377,395,481,550,562,617,450,268,137,97,6231,3027,3204
108011154,Tuncurry,243,195,203,271,201,214,215,198,236,280,339,472,528,665,622,521,414,450,6267,3285,2982
108021155,Kempsey,995,1069,996,956,891,937,803,765,821,875,907,1030,964,941,724,531,380,473,15058,7549,7509
108021156,Kempsey Region,450,505,526,529,360,365,388,386,524,569,792,946,898,794,466,333,176,187,9194,4457,4737
108021157,Macksville - Scotts Head,262,342,282,266,225,200,187,227,269,268,330,373,380,390,317,203,164,198,4883,2488,2395
108021158,Nambucca Heads,322,334,316,339,255,293,223,250,306,315,427,549,574,629,570,434,304,397,6837,3583,3254
108021159,Nambucca Heads Region,417,507,553,442,335,298,357,313,445,470,668,721,676,629,406,290,162,109,7798,3878,3920
108021160,South West Rocks,230,240,237,217,179,190,175,219,257,276,343,389,483,586,452,338,215,209,5235,2656,2579
108031161,Lord Howe Island,25,28,10,4,18,33,29,45,27,15,38,42,29,18,17,23,3,8,412,220,192
108041162,Laurieton - Bonny Hills,708,854,937,878,506,524,559,623,886,1014,1226,1281,1402,1660,1463,1058,725,630,16934,8654,8280
108041163,Port Macquarie - East,1548,1815,1778,1689,1282,1397,1423,1429,1767,1884,1875,2009,1811,1923,1749,1329,933,1029,28670,14875,13795
108041164,Port Macquarie - West,921,970,918,930,776,923,866,847,926,934,1031,1071,1104,1369,1291,988,808,904,17577,9381,8196
108041165,Port Macquarie Region,254,318,337,333,254,226,217,256,340,388,451,538,485,437,257,159,78,70,5398,2620,2778
108041166,Wauchope,700,835,843,729,534,503,511,580,700,747,725,775,740,726,645,425,318,314,11350,5887,5463
108051167,Gloucester,264,281,295,250,207,181,193,211,270,310,354,397,387,499,375,251,193,165,5083,2565,2518
108051168,Old Bar - Manning Point - Red Head,562,692,600,578,351,402,432,462,611,637,670,824,985,1047,800,497,298,281,10729,5520,5209
108051169,Taree,1272,1303,1310,1276,1184,1045,1009,940,1129,1220,1282,1454,1328,1433,1178,1001,688,829,20881,10824,10057
108051170,Taree Region,460,688,718,669,451,419,415,473,677,786,1036,1194,1296,1262,991,556,295,229,12615,6204,6411
108051171,Wingham,305,364,316,365,261,274,263,226,255,342,388,400,388,368,303,236,199,200,5453,2849,2604
109011172,Albury - East,1226,1118,1019,1032,1215,1108,1125,1054,1030,953,835,839,729,632,534,380,289,295,15413,7990,7423
109011173,Albury - North,668,603,656,664,738,682,609,573,644,684,637,652,537,497,400,316,244,242,10046,5119,4927
109011174,Albury - South,602,539,538,661,700,650,625,584,588,699,693,745,690,634,478,381,284,445,10536,5431,5105
109011175,Albury Region,741,922,983,808,472,438,590,567,721,802,884,924,799,727,548,377,203,266,11772,5859,5913
109011176,Lavington,943,901,857,890,1037,983,985,854,824,865,883,965,960,851,691,538,384,326,14737,7630,7107
109021177,Hay,154,196,198,173,163,165,155,126,157,191,287,232,183,192,157,118,108,48,3003,1482,1521
109021178,Wentworth - Buronga,399,425,379,367,299,294,334,287,389,388,421,454,433,441,295,213,130,134,6082,2992,3090
109021179,Wentworth-Balranald Region,247,256,221,198,208,213,196,198,216,245,271,295,278,209,137,129,85,50,3652,1715,1937
109031180,Corowa,274,327,318,320,281,256,224,216,270,330,370,404,400,426,349,296,224,223,5508,2807,2701
109031181,Corowa Region,401,445,409,366,272,277,297,354,386,385,448,515,507,610,438,337,212,182,6841,3385,3456
109031182,Deniliquin,428,457,436,422,437,423,371,352,475,424,461,567,547,480,362,341,252,280,7515,3870,3645
109031183,Deniliquin Region,413,448,390,376,281,290,275,311,351,441,541,630,586,477,398,285,176,178,6847,3326,3521
109031184,Moama,355,365,342,317,223,304,373,270,348,372,304,361,376,509,461,316,204,172,5972,3073,2899
109031185,Tocumwal - Finley - Jerilderie,571,611,578,526,405,492,445,464,541,529,576,729,767,847,637,492,313,336,9859,4895,4964
110011186,Armidale,1415,1387,1552,2284,2687,1651,1427,1211,1305,1341,1484,1450,1187,1090,881,731,509,522,24114,12562,11552
110011187,Armidale Region - North,308,355,303,254,214,237,231,247,277,275,355,351,308,298,236,139,85,92,4565,2250,2315
110011188,Armidale Region - South,320,425,454,394,240,229,287,323,374,431,500,489,485,430,332,188,127,109,6137,3150,2987
110011189,Walcha,182,199,192,162,151,162,154,136,195,199,236,240,252,264,232,161,74,91,3282,1640,1642
110021190,Glen Innes,488,545,543,486,420,414,449,442,499,506,575,707,631,683,578,415,282,279,8942,4493,4449
110021191,Inverell,864,842,800,756,738,699,641,582,691,679,699,712,652,729,618,525,332,336,11895,6173,5722
110021192,Inverell Region - East,310,351,374,375,233,232,229,255,306,363,351,461,410,357,275,217,107,91,5297,2616,2681
110021193,Inverell Region - West,395,396,378,292,264,255,273,271,317,406,463,443,398,448,392,306,188,172,6057,2994,3063
110021194,Tenterfield,303,397,388,343,232,251,220,295,388,380,444,606,669,639,457,301,195,159,6667,3396,3271
110031195,Moree,719,665,451,476,552,596,519,535,516,536,539,540,434,455,348,274,174,145,8474,4276,4198
110031196,Moree Region,460,467,424,347,324,350,353,338,364,421,420,376,344,261,186,97,66,37,5635,2692,2943
110031197,Narrabri,590,587,424,461,419,509,447,417,438,421,512,517,422,370,295,249,153,141,7372,3784,3588
110031198,Narrabri Region,376,398,354,253,214,283,277,302,288,303,411,394,315,289,215,130,107,62,4971,2415,2556
110041199,Gunnedah,777,728,563,550,550,703,618,538,524,549,550,563,482,457,399,370,278,269,9468,4822,4646
110041200,Gunnedah Region,269,308,255,261,239,206,196,248,267,315,305,333,304,254,190,129,87,55,4221,2000,2221
110041201,Quirindi,491,529,508,439,357,406,411,393,451,502,523,594,585,514,451,317,214,188,7873,3924,3949
110041202,Tamworth - East,1433,1409,1391,1447,1275,1410,1270,1176,1237,1277,1307,1329,1197,1144,893,711,483,399,20788,10531,10257
110041203,Tamworth - North,1082,978,940,921,1017,1171,1092,828,891,932,862,902,825,722,638,574,426,609,15410,8131,7279
110041204,Tamworth - West,581,557,487,372,451,489,401,361,311,310,307,311,264,211,160,107,54,46,5780,2945,2835
110041205,Tamworth Region,1103,1382,1364,1140,719,804,967,1003,1230,1280,1350,1388,1370,1254,978,698,416,393,18839,9451,9388
111011206,Belmont - Bennetts Green,1103,1179,1131,1193,1118,915,1012,981,1164,1229,1184,1167,1187,1113,822,688,547,541,18274,9292,8982
111011207,Belmont South - Blacksmiths,277,299,316,371,324,270,276,268,352,415,445,445,420,434,319,215,169,153,5768,2914,2854
111011208,Charlestown - Dudley,1738,1654,1411,1437,1484,1745,1829,1628,1572,1580,1534,1488,1334,1154,1008,827,659,607,24689,12598,12091
111011209,Glendale - Cardiff - Hillsborough,1664,1614,1466,1474,1493,1634,1711,1571,1569,1548,1539,1532,1339,1328,914,663,453,541,24053,12207,11846
111011210,Mount Hutton - Windale,570,655,608,561,575,542,558,492,559,585,624,617,471,474,402,312,237,282,9124,4789,4335
111011211,Redhead,209,244,223,227,178,127,132,185,255,264,224,282,243,213,194,131,115,170,3616,1847,1769
111011212,Swansea - Caves Beach,663,679,599,699,577,536,546,575,678,739,822,901,853,853,733,556,391,393,11793,5997,5796
111011213,Valentine - Eleebana,655,882,845,878,622,423,513,678,855,962,903,933,865,838,708,389,266,251,12466,6330,6136
111011214,Warners Bay - Boolaroo,801,775,843,891,818,704,787,731,924,955,932,918,829,877,729,539,378,322,13753,7112,6641
111021215,Bolton Point - Teralba,517,510,509,611,531,493,428,455,512,587,609,643,487,555,442,308,256,296,8749,4479,4270
111021216,Bonnells Bay - Silverwater,558,579,567,543,512,487,520,454,520,555,557,593,589,572,542,388,219,186,8941,4539,4402
111021217,Edgeworth - Cameron Park,1318,1138,1024,898,893,1003,1225,1107,1073,864,792,708,652,609,425,278,239,306,14552,7474,7078
111021218,Morisset - Cooranbong,813,855,828,962,954,796,743,722,853,938,972,1006,979,946,872,740,619,713,15311,7841,7470
111021219,Toronto - Awaba,745,718,797,842,770,717,666,648,847,840,872,964,1003,1000,832,564,401,575,13801,7148,6653
111021220,Wangi Wangi - Rathmines,505,462,552,508,444,427,441,453,548,547,631,726,756,791,576,341,213,162,9083,4517,4566
111021221,West Wallsend - Barnsley - Killingworth,494,445,424,484,373,458,475,454,414,442,456,462,426,375,196,125,80,55,6638,3329,3309
111031222,Adamstown - Kotara,1087,1164,1030,954,1077,1050,1091,1137,1172,1154,998,895,762,681,653,529,412,367,16213,8213,8000
111031223,Beresfield - Hexham,566,565,487,528,544,631,520,443,516,508,578,531,503,527,421,331,184,149,8532,4317,4215
111031224,Hamilton - Broadmeadow,652,663,599,628,1163,973,863,767,791,820,870,790,719,603,436,340,272,328,12277,6153,6124
111031225,Lambton - New Lambton,1121,1159,1145,1014,1113,1010,1070,1068,1277,1222,1168,1095,906,759,618,438,364,459,17006,8776,8230
111031226,Maryland - Fletcher - Minmi,1163,1169,1117,1042,967,886,1034,1067,1140,1021,851,759,633,503,335,191,89,64,14031,7052,6979
111031227,Mayfield - Warabrook,986,783,612,727,1374,1528,1399,997,942,926,968,999,822,652,477,381,307,434,15314,7672,7642
111031228,Merewether - The Junction,775,904,824,799,1122,1184,934,883,1000,967,990,994,789,699,471,374,273,333,14315,7177,7138
111031229,Newcastle - Cooks Hill,388,370,342,438,1246,1554,1066,733,653,690,730,778,709,589,401,286,146,147,11266,5556,5710
111031230,Newcastle Port - Kooragang,0,1,1,0,0,0,1,2,1,0,1,1,0,2,3,2,2,0,17,9,8
111031231,Shortland - Jesmond,672,537,435,1262,2615,1266,841,609,521,406,469,428,357,351,325,279,244,353,11970,5911,6059
111031232,Stockton - Fullerton Cove,393,372,316,329,294,411,381,407,404,439,556,587,650,665,517,383,236,227,7567,3771,3796
111031233,Wallsend - Elermore Vale,1302,1130,1108,1141,1511,1487,1383,1200,1193,1177,1184,1203,1183,1148,961,706,561,702,20280,10479,9801
111031234,Waratah - North Lambton,798,670,500,651,1408,1121,1041,769,726,682,644,741,578,453,411,366,322,575,12456,6354,6102
111031235,Wickham - Carrington - Tighes Hill,518,426,316,320,723,957,864,666,556,531,512,579,423,338,223,144,129,102,8327,4131,4196
112011236,Ballina,778,844,821,783,761,797,841,793,959,1015,1140,1259,1332,1415,1095,938,790,1074,17435,9176,8259
112011237,Ballina Region,949,1182,1107,1127,639,664,797,889,1068,1209,1225,1309,1273,1154,907,668,438,525,17130,8703,8427
112011238,Bangalow,297,417,397,292,187,276,296,356,481,503,493,520,482,374,212,132,85,112,5912,3004,2908
112011239,Brunswick Heads - Ocean Shores,457,499,506,511,318,376,445,538,661,632,645,721,723,535,356,248,139,183,8493,4469,4024
112011240,Byron Bay,495,477,468,445,548,871,788,738,712,653,713,806,766,591,374,207,128,220,10000,5161,4839
112011241,Evans Head,256,332,286,310,203,191,238,275,334,290,394,443,427,419,319,252,177,143,5289,2608,2681
112011242,Lennox Head - Skennars Head,512,528,535,544,299,316,443,474,605,592,640,628,567,487,323,209,122,134,7958,4089,3869
112011243,Mullumbimby,432,557,542,412,273,324,352,464,603,636,687,714,768,600,325,189,152,165,8195,4207,3988
112021244,Casino,890,901,839,855,723,673,567,611,695,718,713,726,791,758,643,520,406,412,12441,6387,6054
112021245,Casino Region,380,456,497,473,316,280,269,352,406,450,644,607,581,505,359,229,150,112,7066,3432,3634
112021246,Goonellabah,841,888,868,842,845,818,860,745,724,792,802,873,808,759,590,497,376,477,13405,7141,6264
112021247,Kyogle,359,461,454,424,296,265,303,319,426,509,587,710,708,571,368,256,211,197,7424,3693,3731
112021248,Lismore,847,965,920,1013,1223,965,878,954,955,1031,1098,1128,980,789,556,491,319,462,15574,7939,7635
112021249,Lismore Region,756,1025,1058,1049,559,548,652,825,1082,1136,1365,1479,1429,1054,640,346,223,158,15384,7637,7747
112031250,Kingscliff - Fingal Head,833,852,855,770,548,574,716,817,950,867,939,990,951,909,703,505,373,362,13514,6865,6649
112031251,Murwillumbah,518,665,582,557,398,400,475,491,530,591,615,668,574,576,435,378,290,394,9137,4785,4352
112031252,Murwillumbah Region,513,627,633,567,386,431,440,482,613,708,853,996,931,715,402,277,181,130,9885,4813,5072
112031253,Pottsville,940,1019,917,733,545,547,762,862,958,941,913,1037,881,792,659,404,306,281,13497,6884,6613
112031254,Tweed Heads,957,903,889,953,993,989,1092,991,1104,1141,1256,1471,1485,1510,1275,1046,810,972,19837,10212,9625
113011256,Griffith (NSW),1495,1365,1270,1209,1297,1601,1417,1192,1175,1193,1175,1116,1020,836,661,632,504,590,19748,9979,9769
113011257,Griffith Region,904,1007,1007,882,735,813,744,735,897,946,995,964,775,650,433,355,220,176,13238,6344,6894
113011258,Leeton,666,662,840,913,562,620,521,497,613,650,682,699,554,503,457,374,267,233,10313,5241,5072
113011259,Narrandera,410,462,371,339,321,271,315,320,359,359,413,483,411,413,310,208,192,208,6165,3092,3073
113021260,Tumbarumba,207,182,202,162,156,177,215,195,222,226,261,303,260,244,190,154,80,93,3529,1683,1846
113021261,Tumut,391,449,411,364,368,323,384,345,379,381,434,429,389,384,302,249,187,222,6391,3248,3143
113021262,Tumut Region,268,297,326,256,174,213,228,250,290,299,360,397,386,355,260,175,128,104,4766,2320,2446
113031263,Cootamundra,394,493,460,383,359,318,378,355,436,410,506,574,562,586,483,441,239,296,7673,3887,3786
113031264,Gundagai,221,228,298,246,169,163,194,202,210,229,241,240,247,229,176,157,84,102,3636,1790,1846
113031265,Junee,353,401,382,354,433,470,461,430,435,429,420,468,392,352,253,161,101,116,6411,2747,3664
113031266,Temora,425,465,439,430,288,344,307,302,365,443,496,483,458,471,397,302,211,231,6857,3432,3425
113031267,Wagga Wagga - East,1100,1293,1266,1147,1021,1048,1069,992,1107,1063,1036,1058,986,955,718,492,352,291,16994,8648,8346
113031268,Wagga Wagga - North,326,255,268,397,748,396,323,248,254,235,217,201,129,122,106,111,75,113,4524,2395,2129
113031269,Wagga Wagga - South,1721,1705,1471,1544,1600,1536,1499,1391,1335,1396,1255,1290,1130,870,648,567,393,518,21869,11292,10577
113031270,Wagga Wagga - West,803,683,600,847,1358,1211,930,710,674,608,707,728,648,524,460,388,305,389,12573,6404,6169
113031271,Wagga Wagga Region,1017,1195,1104,1006,894,908,808,817,914,983,1037,1020,928,844,615,455,300,262,15107,7417,7690
114011272,Berry - Kangaroo Valley,434,454,397,382,297,321,361,384,437,472,544,792,768,842,736,562,362,382,8927,4584,4343
114011273,Callala Bay - Currarong,118,182,229,222,194,122,126,137,213,237,296,294,315,326,292,183,111,86,3683,1812,1871
114011274,Culburra Beach,235,214,210,245,210,238,229,218,240,244,407,394,421,439,392,305,203,200,5044,2461,2583
114011275,Ettrema - Sassafras - Budawang,0,4,0,0,0,4,1,0,0,3,9,5,12,14,0,0,0,0,52,12,40
114011276,Huskisson - Vincentia,222,190,161,193,149,209,208,219,246,226,291,401,363,417,315,199,116,165,4290,2228,2062
114011277,North Nowra - Bomaderry,986,1051,997,989,909,905,905,855,866,1026,993,1163,1144,1085,790,627,438,433,16162,8205,7957
114011278,Nowra,1472,1441,1277,1270,1633,1548,1379,1191,1234,1189,1152,1176,1082,1117,867,597,456,466,20547,10152,10395
114011279,St Georges Basin - Erowal Bay,744,850,864,802,646,620,587,674,772,823,879,929,1041,1214,1005,808,519,442,14219,7295,6924
114011280,Sussex Inlet - Berrara,176,154,178,142,150,142,149,156,187,183,309,353,415,509,437,308,208,238,4394,2182,2212
114011281,Tomerong - Wandandian - Woollamia,187,207,208,221,168,126,149,189,231,256,292,309,300,291,167,91,51,26,3469,1710,1759
114011282,Ulladulla,782,860,853,794,513,603,693,675,850,875,1006,1205,1331,1423,1119,908,608,573,15671,8074,7597
114011283,Ulladulla Region,199,287,275,242,156,153,205,194,275,331,420,553,518,530,360,219,146,96,5159,2499,2660
114021284,Bowral,572,762,813,739,455,386,421,545,708,830,804,849,893,1206,1123,908,643,623,13280,7100,6180
114021285,Hill Top - Colo Vale,443,500,470,451,359,395,377,322,454,467,457,395,328,302,223,143,61,45,6192,3074,3118
114021286,Mittagong,487,546,559,667,423,484,440,456,552,592,599,665,611,634,573,399,295,258,9240,4946,4294
114021287,Moss Vale - Berrima,605,642,660,733,483,534,560,530,608,608,660,685,614,640,589,400,249,250,10050,5159,4891
114021288,Robertson - Fitzroy Falls,155,245,280,182,135,150,124,163,240,274,271,257,303,316,262,126,59,40,3582,1788,1794
114021289,Southern Highlands,295,388,401,350,215,224,244,269,430,430,536,499,581,674,498,331,178,172,6715,3452,3263
115011290,Baulkham Hills (East),1849,1908,1462,1245,1141,1255,1813,2079,1986,1675,1349,1184,1091,1151,942,662,418,455,23665,11947,11718
115011291,Baulkham Hills (West) - Bella Vista,1236,1511,1370,1583,1706,1169,1100,1362,1503,1512,1561,1409,1242,1119,686,424,232,163,20888,10586,10302
115011294,Glenhaven,307,429,452,446,431,284,187,320,368,458,444,450,421,376,348,299,209,197,6426,3287,3139
115011296,West Pennant Hills,693,838,813,1003,997,747,690,740,792,838,1054,1086,1055,776,516,273,135,178,13224,6646,6578
115021297,Dural - Kenthurst - Wisemans Ferry,1124,1438,1611,1690,1454,1047,924,1075,1479,1677,1689,1479,1286,1308,964,628,421,411,21705,10824,10881
115021298,Galston - Laughtondale,250,346,408,363,320,233,232,235,367,409,386,402,306,308,271,199,134,202,5371,2681,2690
115031299,Bilpin - Colo - St Albans,141,143,180,152,132,114,104,142,208,216,264,232,166,200,191,70,54,36,2745,1318,1427
115031300,Kurrajong Heights - Ebenezer,1413,1547,1680,1661,1509,1285,1173,1248,1562,1836,1701,1624,1310,1144,795,444,267,221,22420,11044,11376
115041301,Pitt Town - McGraths Hill,774,857,740,795,611,669,666,682,815,811,717,672,558,515,400,242,134,121,10779,5306,5473
115041302,Rouse Hill - Beaumont Hills,1731,2207,2124,1862,1435,1181,1459,1873,2270,1927,1404,1166,910,722,498,269,150,114,23302,11649,11653
116011303,Blacktown (East) - Kings Park,1685,1117,781,871,1139,2038,2251,1577,1079,875,808,801,734,562,429,309,249,295,17600,8617,8983
116011304,Blacktown (North) - Marayong,1421,1323,1121,1123,1388,1464,1623,1416,1195,994,1009,983,981,880,530,417,307,328,18503,9173,9330
116011306,Doonside - Woodcroft,1680,1710,1521,1678,1816,1774,1945,1751,1562,1510,1473,1495,1243,969,567,319,230,183,23426,11801,11625
116011307,Lalor Park - Kings Langley,1929,1765,1500,1612,1578,1821,1901,1921,1769,1664,1630,1603,1478,1242,776,539,457,426,25611,12758,12853
116011308,Seven Hills - Toongabbie,1757,1720,1488,1504,1638,1864,2085,2026,1730,1581,1419,1448,1294,1234,868,533,349,250,24788,12217,12571
116021309,Glenwood,1141,1370,1377,1432,1185,980,1036,1395,1409,1342,1134,893,698,543,337,211,103,66,16652,8365,8287
116021310,Parklea - Kellyville Ridge,3288,3309,2515,2002,1827,2105,3255,3759,3313,2255,1701,1315,1105,841,509,331,165,107,33702,16426,17276
116021312,Riverstone - Marsden Park,1583,1365,1137,1129,1127,1493,1719,1543,1343,1098,998,848,748,681,481,301,165,134,17893,8804,9089
116031313,Bidwill - Hebersham - Emerton,1697,1667,1515,1546,1484,1376,1200,1030,1110,1154,1109,983,894,930,621,357,195,102,18970,9700,9270
116031314,Glendenning - Dean Park,773,730,666,654,590,655,694,734,646,577,530,432,310,205,165,89,56,96,8602,4336,4266
116031315,Hassall Grove - Plumpton,1534,1700,1723,1897,1796,1541,1517,1350,1528,1537,1493,1265,913,588,332,225,157,147,21243,10755,10488
116031316,Lethbridge Park - Tregear,2224,1932,1591,1577,1610,1693,1770,1442,1245,1195,1057,954,796,763,676,452,234,111,21322,10912,10410
116031317,Mount Druitt - Whalan,2064,2080,1706,1648,1720,1864,1979,1706,1484,1387,1294,1136,936,860,607,457,272,182,23382,11743,11639
116031318,Prospect Reservoir,0,0,3,5,5,1,2,3,2,4,2,1,5,5,0,0,1,1,40,10,30
116031319,Rooty Hill - Minchinbury,1556,1552,1409,1606,1703,1609,1643,1597,1379,1347,1417,1314,1078,911,533,326,266,415,21661,10909,10752
117011320,Banksmeadow,2,0,0,0,0,1,3,3,1,4,0,1,0,3,0,1,0,2,21,5,16
117011321,Botany,863,800,676,576,758,844,903,925,984,803,768,581,485,404,305,243,172,182,11272,5596,5676
117011322,Mascot - Eastlakes,1605,1254,1041,1496,2454,3099,2765,2110,1706,1499,1367,1234,1078,896,727,636,444,325,25736,12754,12982
117011323,Pagewood - Hillsdale - Daceyville,670,746,691,702,953,890,935,816,845,814,760,648,601,562,485,332,241,240,11931,6051,5880
117011324,Port Botany Industrial,0,0,0,0,0,0,0,1,0,0,0,0,0,0,0,0,1,5,7,4,3
117011325,Sydney Airport,10,4,1,7,14,27,27,14,14,13,15,9,10,14,10,11,0,2,202,94,108
117021326,Marrickville,1553,1370,1043,982,2229,3189,3049,2388,2253,1932,1610,1490,1223,1041,796,682,565,529,27924,14145,13779
117021327,Petersham - Stanmore,1111,975,784,726,1727,2905,2519,1937,1776,1557,1258,1053,847,747,513,389,262,228,21314,10665,10649
117021328,Sydenham - Tempe - St Peters,522,404,322,302,693,878,960,807,692,606,497,435,394,282,190,145,110,97,8336,4129,4207
117031329,Darlinghurst,325,171,124,198,961,2260,2002,1305,971,830,743,666,522,486,299,155,125,59,12202,5165,7037
117031330,Erskineville - Alexandria,930,597,340,385,1285,2909,2818,2033,1567,1255,963,740,557,380,245,149,115,72,17340,8434,8906
117031331,Glebe - Forest Lodge,825,583,480,838,2640,3133,2539,1729,1420,1192,1112,1112,979,891,568,347,212,214,20814,10798,10016
117031332,Newtown - Camperdown - Darlington,1004,738,536,1771,4473,4355,3198,2252,1879,1483,1287,1012,782,599,378,234,181,135,26297,13317,12980
117031333,Potts Point - Woolloomooloo,497,256,210,486,2150,4004,3590,2223,1707,1465,1290,1282,1040,970,642,422,311,445,22990,10014,12976
117031334,Pyrmont - Ultimo,899,485,346,1085,4185,4115,3312,2151,1350,1026,966,900,805,720,434,273,162,125,23339,11692,11647
117031335,Redfern - Chippendale,721,399,300,1112,4179,4597,3284,1913,1412,1249,1134,1022,825,723,467,426,241,203,24207,11657,12550
117031336,Surry Hills,481,281,167,331,1506,3384,3051,1913,1465,1128,1019,798,690,496,365,308,211,250,17844,7649,10195
117031337,Sydney - Haymarket - The Rocks,822,345,289,1161,5191,6495,4908,2815,1568,1208,1159,1034,925,806,541,324,185,194,29970,14755,15215
117031338,Waterloo - Beaconsfield,1631,821,620,2143,5202,6379,5247,2965,1986,1601,1441,1308,1070,1026,720,538,379,246,35323,17138,18185
118011339,Bondi - Tamarama - Bronte,1231,1019,773,705,1193,2579,2643,1908,1550,1364,1106,913,787,789,519,430,281,307,20097,10119,9978
118011340,Bondi Beach - North Bondi,1422,1149,847,654,1354,3109,3453,2374,1850,1418,1099,921,753,779,460,355,251,311,22559,11285,11274
118011341,Bondi Junction - Waverly,1077,896,710,686,1096,1927,1944,1615,1258,1195,985,883,723,744,588,509,439,649,17924,9380,8544
118011342,Centennial Park,0,0,0,0,0,0,0,0,0,0,0,0,0,0,0,0,0,3,3,1,2
118011343,Double Bay - Bellevue Hill,1344,1257,1233,1239,1484,2603,2587,1959,1738,1668,1522,1539,1444,1593,1230,878,602,861,26781,14126,12655
118011344,Dover Heights,852,788,665,579,607,692,903,961,986,791,730,688,579,536,420,256,201,292,11526,5968,5558
118011345,Paddington - Moore Park,889,710,539,476,1164,2164,1994,1583,1222,1098,976,840,692,705,599,360,188,212,16411,8561,7850
118011346,Rose Bay - Vaucluse - Watsons Bay,646,905,988,952,796,638,644,726,898,939,933,741,668,689,548,365,275,334,12685,6701,5984
118011347,Woollahra,478,412,312,271,443,726,735,641,543,509,497,464,425,517,392,312,204,285,8166,4400,3766
118021348,Coogee - Clovelly,1760,1494,1209,1081,1657,2895,3098,2563,2121,1906,1646,1432,1249,1078,775,573,378,410,27325,14289,13036
118021350,Malabar - La Perouse - Chifley,1396,1464,1368,1507,1647,1697,1617,1724,1915,1868,1832,1580,1422,1348,1077,767,540,636,25405,12087,13318
119011354,Bass Hill - Georges Hall,1721,1732,1665,1568,1635,1503,1393,1486,1430,1385,1297,1269,1067,1075,881,612,460,591,22770,11515,11255
119011355,Chullora,103,52,44,47,87,117,119,103,48,53,43,32,36,24,1,3,0,3,915,461,454
119011356,Condell Park,979,938,878,839,934,846,909,767,787,669,662,629,531,454,371,269,193,189,11844,5897,5947
119011357,Greenacre - Mount Lewis,2057,2337,2159,2093,2107,1868,1847,1715,1608,1619,1651,1494,1247,1027,777,642,474,558,27280,13657,13623
119011358,Padstow,1041,946,953,1084,1137,1177,1207,1025,1082,1096,1231,1148,943,780,598,521,436,607,17012,8626,8386
119011359,Panania - Milperra - Picnic Point,1814,1869,1766,1695,1766,1525,1686,1784,1958,1797,1766,1687,1446,1249,923,730,501,499,26461,13444,13017
119011360,Revesby,1117,1097,1006,978,1197,1230,1169,1169,1118,1078,1071,1094,895,738,527,414,412,490,16800,8599,8201
119011361,Yagoona - Birrong,1613,1619,1436,1509,1575,1690,1502,1354,1334,1267,1277,1341,1097,899,592,466,400,534,21505,10708,10797
119021362,Belmore - Belfield,1314,1257,1127,1211,1376,1545,1577,1380,1301,1394,1318,1105,986,876,755,618,456,388,19984,10050,9934
119021363,Canterbury (South) - Campsie,1988,1611,1451,1766,2702,3606,3260,2359,2065,1986,2072,1821,1478,1083,875,749,565,580,32017,15927,16090
119021364,Kingsgrove (North) - Earlwood,1511,1629,1474,1497,1393,1430,1544,1710,1959,1916,1655,1468,1253,1220,1044,924,706,681,25014,12634,12380
119021366,Punchbowl,1741,1648,1479,1568,1829,1856,1775,1444,1303,1270,1230,1181,981,744,566,473,303,302,21693,10537,11156
119021367,Roselands,1020,1083,949,893,949,1012,975,950,986,994,915,764,675,602,475,373,310,283,14208,7152,7056
119031368,Hurstville,1400,1206,1049,1489,2630,3367,2444,1635,1342,1378,1443,1329,1170,865,663,558,418,459,24845,12517,12328
119031369,Mortdale - Penshurst,1644,1361,1290,1361,1756,2112,2230,1890,1688,1599,1662,1528,1287,1018,748,582,430,608,24794,12731,12063
119031370,Narwee - Beverly Hills,880,809,764,840,1047,1076,1108,912,972,895,957,888,802,695,458,431,385,418,14337,7389,6948
119031371,Oatley - Hurstville Grove,745,834,760,901,934,833,771,794,943,917,924,963,764,664,531,357,265,314,13214,6686,6528
119031372,Peakhurst - Lugarno,1066,1181,1173,1206,1153,963,993,1049,1238,1239,1243,1191,971,1047,845,701,585,727,18571,9506,9065
119031373,Riverwood,708,639,527,678,848,1044,940,713,676,706,803,783,718,551,453,389,301,247,11724,5934,5790
119031374,South Hurstville - Blakehurst,1411,1372,1382,1653,2215,2447,1799,1532,1547,1655,1717,1491,1240,1162,854,638,503,630,25248,12844,12404
119041375,Arncliffe - Bardwell Valley,1382,939,826,1071,2571,3881,3018,1816,1314,1066,1026,942,857,703,497,398,283,321,22911,11336,11575
119041376,Bexley,1910,1656,1397,1579,2054,2450,2482,2094,1842,1665,1678,1571,1364,1204,831,743,606,755,27881,13939,13942
119041377,Kingsgrove (South) - Bardwell Park,777,833,795,805,850,887,881,855,993,900,913,764,690,657,541,449,375,334,13299,6745,6554
119041378,Kogarah,865,598,500,548,960,1454,1433,1010,792,653,647,558,471,398,305,245,227,237,11901,5915,5986
119041379,Kogarah Bay - Carlton - Allawah,1083,949,808,958,1231,1593,1567,1143,1112,1119,1064,1018,849,738,535,391,309,274,16741,8330,8411
119041380,Monterey - Brighton-le-Sands - Kyeemagh,881,765,718,678,843,1060,1170,1154,1095,1101,1005,789,802,762,629,528,398,350,14728,7560,7168
119041381,Rockdale - Banksia,1261,947,726,939,1940,2944,2630,1707,1276,1103,1067,999,866,791,595,439,408,542,21180,10300,10880
119041382,Sans Souci - Ramsgate,977,969,865,826,794,984,1070,1098,1253,1274,1125,1117,985,1007,802,689,467,550,16852,8805,8047
120011383,Concord - Mortlake - Cabarita,1316,1353,1247,1202,1321,1463,1561,1534,1645,1644,1579,1527,1306,1244,955,745,496,568,22706,11719,10987
120011384,Concord West - North Strathfield,1799,1174,883,1181,3112,4113,3554,2144,1575,1240,1215,1102,926,727,496,346,265,264,26116,13181,12935
120011385,Drummoyne - Rodd Point,1240,1171,931,817,938,1296,1608,1509,1554,1389,1286,1175,1003,1007,739,528,477,608,19276,10112,9164
120011386,Five Dock - Abbotsford,1432,1265,1007,898,1024,1321,1785,1808,1754,1616,1454,1318,1145,1087,806,687,513,577,21497,11238,10259
120021387,Balmain,1118,1001,774,553,767,1127,1343,1443,1497,1322,1286,1078,1017,936,671,335,204,178,16650,8604,8046
120021388,Leichhardt - Annandale,2200,1787,1215,941,1849,2294,2621,2696,2597,2127,1730,1436,1323,1132,741,498,381,389,27957,14432,13525
120021389,Lilyfield - Rozelle,1125,955,640,473,707,1041,1428,1544,1430,1246,1021,877,773,624,435,256,163,195,14933,7739,7194
120031390,Ashfield,1386,985,858,1123,2439,3507,2897,1966,1600,1445,1477,1316,1139,927,718,620,536,716,25655,12864,12791
120031391,Burwood - Croydon,1155,1033,988,1528,3486,3566,2216,1603,1427,1403,1554,1432,1119,949,670,610,546,594,25879,13356,12523
120031392,Canterbury (North) - Ashbury,632,631,582,557,772,897,860,825,850,787,827,645,562,502,372,311,226,144,10982,5568,5414
120031393,Croydon Park - Enfield,1040,1066,1007,1047,1219,1360,1302,1219,1293,1253,1246,1023,912,825,654,527,415,454,17862,9321,8541
120031394,Dulwich Hill - Lewisham,985,951,744,771,1305,1748,1745,1510,1469,1313,1189,997,764,657,499,426,281,282,17636,9116,8520
120031395,Haberfield - Summer Hill,770,890,754,650,896,1164,1120,1062,1117,1051,1045,827,704,601,405,334,336,403,14129,7163,6966
120031396,Homebush,1216,772,619,828,1762,2885,2595,1460,983,818,802,698,586,345,253,210,151,103,17086,8005,9081
121011398,Chatswood (East) - Artarmon,2000,1846,1389,1517,2347,2943,3228,2756,2281,1866,1557,1402,1231,1148,774,595,476,640,29996,15610,14386
121011399,Chatswood (West) - Lane Cove North,1514,1285,983,1000,1448,2220,2481,2029,1668,1400,1217,1137,996,848,602,450,335,452,22065,11297,10768
121011400,Lane Cove - Greenwich,1847,1819,1764,1708,1552,1936,2067,2160,2104,1950,1862,1650,1374,1273,1006,697,518,673,27960,14093,13867
121011401,St Leonards - Naremburn,825,526,323,298,615,1313,1634,1342,918,678,562,528,461,420,242,160,113,107,11065,5635,5430
121011402,Willoughby - Castle Cove - Northbridge,1799,2241,2035,1657,1302,1017,1296,1769,2238,2200,1986,1635,1387,1303,924,691,559,699,26738,13700,13038
121021403,Asquith - Mount Colah,1223,1512,1322,1255,1162,928,990,1270,1567,1418,1390,1351,1059,866,645,429,244,264,18895,9518,9377
121021404,Berowra - Brooklyn - Cowan,837,948,896,863,624,474,588,783,1035,972,934,808,663,626,467,258,156,113,12045,6020,6025
121021406,Normanhurst - Thornleigh - Westleigh,1245,1434,1350,1495,1072,732,962,1279,1533,1518,1327,1159,992,918,769,605,370,381,19141,9748,9393
121031407,Gordon - Killara,1096,1436,1636,1871,1475,1158,1181,1297,1497,1721,1687,1425,1156,1033,800,621,458,749,22297,11513,10784
121031408,Lindfield - Roseville,1351,1904,1875,1739,1468,1128,1290,1533,1731,1902,1740,1465,1228,1130,874,653,490,597,24098,12319,11779
121031409,Pymble,1017,1404,1380,1370,1009,656,787,1025,1267,1440,1362,1068,837,799,597,390,304,344,17056,8908,8148
121031410,St Ives,1291,1673,1539,1442,1120,805,1012,1354,1603,1624,1557,1305,1115,1039,987,814,614,618,21512,11131,10381
121031411,Turramurra,1016,1452,1449,1379,1020,662,764,1071,1388,1540,1410,1173,977,980,911,812,716,1140,19860,10334,9526
121031412,Wahroonga (East) - Warrawee,915,1148,1547,1752,1175,776,788,950,1181,1480,1463,1242,966,900,751,566,469,582,18651,9559,9092
121041413,Cremorne - Cammeray,1395,1061,783,621,917,1758,2182,1869,1668,1384,1227,1168,1138,1167,833,529,301,280,20281,10768,9513
121041414,Crows Nest - Waverton,1269,729,499,482,1077,2315,2751,2042,1531,1248,1023,995,862,835,608,380,253,226,19125,10049,9076
121041415,Mosman,1668,1864,1787,1645,1452,1797,2085,2054,2266,2280,2178,1936,1622,1688,1426,921,635,911,30215,16078,14137
121041416,Neutral Bay - Kirribilli,930,672,463,452,1080,2414,2444,1947,1408,1148,1016,1039,982,931,737,539,331,519,19052,10037,9015
121041417,North Sydney - Lavender Bay,495,353,331,397,702,1471,1536,1095,826,729,662,678,618,610,446,271,131,128,11479,5793,5686
122011418,Balgowlah - Clontarf - Seaforth,1500,1823,1688,1278,1058,902,1045,1421,1920,1789,1634,1315,1035,925,748,504,340,400,21325,11002,10323
122011419,Manly - Fairlight,1402,1109,809,833,1210,2538,2883,2287,1790,1501,1418,1328,1101,1078,911,565,404,502,23669,11929,11740
122021420,Avalon - Palm Beach,710,853,858,827,689,500,474,611,835,939,1091,1050,973,918,708,431,305,337,13109,6642,6467
122021421,Bayview - Elanora Heights,558,735,776,631,570,419,424,530,761,802,861,800,760,768,641,520,327,406,11289,5737,5552
122021422,Newport - Bilgola,794,1006,944,826,768,693,600,735,1006,1065,1142,1110,950,821,664,387,216,200,13927,7019,6908
122021423,Warriewood - Mona Vale,1722,1901,1559,1443,1339,1162,1403,1735,1980,1774,1713,1530,1415,1362,1074,791,591,685,25179,12884,12295
122031424,Beacon Hill - Narraweena,895,1081,950,959,829,645,751,889,1163,1129,1049,924,724,651,577,470,360,382,14428,7332,7096
122031425,Cromer,481,597,563,508,401,291,361,502,613,641,506,442,382,411,341,297,173,251,7761,3991,3770
122031426,Dee Why - North Curl Curl,1917,1477,1197,1187,1623,2412,2798,2423,2116,1904,1708,1436,1193,941,716,537,380,389,26354,13312,13042
122031427,Forestville - Killarney Heights,747,1222,1117,964,610,423,481,770,1182,1080,972,734,590,538,554,542,400,400,13326,6851,6475
122031428,Frenchs Forest - Belrose,1627,2137,1961,1818,1392,920,1047,1492,2202,2164,1872,1416,1287,1348,1325,970,672,716,26366,13331,13035
122031429,Freshwater - Brookvale,1595,1465,1241,1028,1197,1911,2321,2040,1897,1685,1408,1178,981,824,554,376,266,363,22330,11172,11158
122031430,Manly Vale - Allambie Heights,1323,1523,1188,973,831,911,1073,1375,1508,1418,1134,971,753,741,553,462,347,517,17601,8972,8629
122031431,Narrabeen - Collaroy,1638,1537,1428,1404,1357,1703,1871,1858,1889,1839,1663,1512,1295,1214,1003,790,635,1267,25903,13232,12671
122031432,Terrey Hills - Duffys Forest,205,260,287,284,187,141,153,193,272,322,314,265,196,207,191,128,64,108,3777,1894,1883
123011433,Camden - Ellis Lane,856,958,886,750,778,753,758,845,875,872,737,812,730,729,558,405,362,613,13277,6872,6405
123011434,Elderslie - Harrington Park,1761,1844,1764,1632,1374,1385,1499,1566,1860,1568,1333,1134,943,771,531,371,225,139,21700,11055,10645
123011435,Mount Annan - Currans Hill,2682,2549,2322,2201,1962,2176,2487,2248,2431,2028,1762,1361,1075,875,514,291,163,108,29235,14850,14385
123021436,Bradbury - Wedderburn,1583,1602,1452,1398,1512,1411,1407,1328,1284,1119,1140,999,961,908,676,354,207,143,19484,9966,9518
123021437,Campbelltown - Woodbine,1297,1241,1052,1141,1545,1602,1569,1244,1194,1014,1045,975,922,906,619,522,388,328,18604,9337,9267
123021438,Claymore - Eagle Vale - Raby,1546,1618,1566,1723,1655,1613,1591,1338,1281,1272,1372,1499,1107,816,452,256,176,108,20989,10602,10387
123021439,Holsworthy Military Area,0,0,0,0,0,0,0,0,0,0,0,0,0,0,0,0,0,0,0,0,0
123021440,Ingleburn - Denham Court,1674,1441,1188,1294,1551,1641,1790,1530,1281,1247,1386,1343,1089,869,537,364,228,222,20675,10218,10457
123021441,Leumeah - Minto Heights,1176,1173,1071,1051,1209,1251,1314,1177,1083,984,957,1012,1055,1044,659,375,196,147,16934,8546,8388
123021442,Macquarie Fields - Glenfield,1934,1856,1679,1589,1659,1635,1918,1833,1696,1548,1505,1341,1189,1019,695,464,306,393,24259,12389,11870
123021443,Minto - St Andrews,1645,1582,1362,1440,1566,1556,1642,1449,1338,1223,1355,1297,1128,776,456,279,143,151,20388,10193,10195
123021444,Rosemeadow - Glen Alpine,1527,1630,1552,1554,1727,1538,1453,1277,1333,1324,1446,1474,1260,1006,643,380,199,189,21512,10984,10528
123031445,Bargo,383,462,420,405,330,326,328,376,433,413,384,375,324,324,214,196,97,71,5861,2902,2959
123031446,Douglas Park - Appin,856,806,695,616,576,687,735,675,684,679,662,606,498,449,319,192,131,119,9985,4885,5100
123031447,Picton - Tahmoor - Buxton,1221,1290,1195,1227,1066,1061,1063,1008,1211,1183,1130,1099,959,826,590,416,292,312,17149,8664,8485
123031448,The Oaks - Oakdale,551,724,779,656,619,521,505,533,726,658,591,631,609,481,290,173,90,83,9220,4585,4635
124011449,Blackheath - Megalong Valley,309,325,283,236,190,237,253,273,376,402,464,468,491,475,404,232,138,103,5659,2900,2759
124011450,Blaxland - Warrimoo - Lapstone,1218,1378,1402,1316,1075,967,1038,1240,1397,1340,1319,1338,1306,1156,826,517,301,239,19373,9769,9604
124011451,Blue Mountains - North,0,0,2,0,2,1,0,0,1,0,1,2,1,1,1,0,0,1,13,8,5
124011452,Katoomba - Leura,634,663,690,751,705,610,683,742,874,953,956,1146,1164,1088,806,506,320,322,13613,7068,6545
124011453,Lawson - Hazelbrook - Linden,754,788,796,745,580,505,604,672,844,853,882,916,804,698,422,270,187,132,11452,5919,5533
124011454,Springwood - Winmalee,1319,1566,1496,1533,1158,965,1185,1269,1583,1598,1456,1607,1456,1335,910,585,498,619,22138,11442,10696
124011455,Wentworth Falls,327,380,347,324,215,244,275,298,359,432,413,470,531,561,409,261,228,174,6248,3269,2979
124021456,Blue Mountains - South,0,0,0,0,0,0,0,0,0,0,1,1,0,2,0,0,0,0,4,0,4
124031457,Cambridge Park,1237,1192,986,977,1116,1265,1300,1130,1081,871,897,1030,991,827,487,255,157,138,15937,7976,7961
124031458,Castlereagh - Cranebrook,2296,1847,1687,1694,1907,2259,2199,1800,1680,1449,1423,1326,1016,804,473,321,177,114,24472,12349,12123
124031459,Emu Plains - Leonay,949,1075,916,964,855,837,992,1052,1075,923,865,825,842,872,604,410,257,253,14566,7494,7072
124031460,Glenmore Park - Regentville,1686,1833,1742,1765,1547,1504,1588,1537,1745,1617,1423,1240,946,721,390,255,151,103,21793,11113,10680
124031461,Jamisontown - South Penrith,1343,1272,1121,1010,1084,1317,1382,1343,1155,1018,963,1019,1059,1034,665,432,251,216,17684,9016,8668
124031462,Kingswood - Werrington,1809,1443,1223,1266,1595,1797,1823,1494,1377,1277,1054,1000,866,771,507,371,206,278,20157,10186,9971
124031463,Mulgoa - Luddenham - Orchard Hills,738,749,704,697,643,774,735,636,710,703,609,590,445,456,322,194,115,94,9914,4904,5010
124031464,Penrith,894,756,652,748,1096,1286,1118,948,829,811,809,731,649,618,494,406,341,444,13630,6939,6691
124031465,Warragamba - Silverdale,345,404,427,415,376,324,315,322,397,387,393,373,291,212,130,92,58,38,5299,2589,2710
124041466,Richmond - Clarendon,846,857,804,954,1111,1043,917,820,864,894,826,810,712,735,607,514,372,450,14136,7339,6797
124041467,Windsor - Bligh Park,1190,1105,1047,1102,1287,1401,1097,934,989,1096,1139,953,727,582,372,343,209,173,15746,8010,7736
124041468,Yarramundi - Londonderry,373,505,495,535,684,614,546,559,571,544,539,456,377,352,201,123,65,48,7587,3405,4182
124051469,Erskine Park,419,427,455,613,656,456,394,425,397,508,613,491,329,205,106,49,27,25,6595,3290,3305
124051470,St Clair,1465,1491,1356,1410,1551,1684,1528,1370,1321,1260,1329,1611,1240,856,440,222,136,107,20377,10174,10203
125011473,Homebush Bay - Silverwater,1483,958,650,655,1471,2699,3251,2263,1562,1193,967,816,652,476,264,117,64,53,19594,9164,10430
125011475,Rookwood Cemetery,0,0,0,0,0,0,1,0,0,0,2,0,0,0,0,0,0,0,3,1,2
125021476,Carlingford,1727,1910,1713,1966,1835,1656,1849,1916,1959,1944,1952,1831,1578,1334,1105,887,632,602,28396,14392,14004
125021477,Ermington - Rydalmere,1669,1468,1272,1330,1333,1570,1812,1644,1617,1538,1496,1348,1104,908,633,502,363,413,22020,11018,11002
125021478,Oatlands - Dundas Valley,1262,1234,1013,1160,1227,1273,1459,1313,1332,1270,1337,1163,980,771,554,478,357,265,18448,9366,9082
125031479,Chester Hill - Sefton,1394,1372,1346,1389,1473,1400,1349,1163,1143,1251,1247,1148,906,745,497,394,371,472,19060,9394,9666
125031480,Fairfield - East,1150,1164,1049,1100,1261,1246,1149,971,971,1028,973,880,805,636,436,389,288,476,15972,7886,8086
125031481,Granville - Clyde,1756,1348,1220,1267,2026,2701,2234,1597,1283,1230,1194,1114,897,731,495,364,243,194,21894,10369,11525
125031482,Greystanes - Pemulwuy,2167,2105,1678,1542,1679,1688,2052,2251,1963,1740,1572,1352,1329,1487,1154,739,454,372,27324,13841,13483
125031483,Guildford - South Granville,1993,1778,1541,1497,1825,2053,1837,1462,1247,1140,1160,1105,923,709,541,425,291,321,21848,10764,11084
125031484,Guildford West - Merrylands West,1762,1631,1285,1340,1774,1905,1868,1526,1268,1260,1224,1163,926,771,550,472,352,443,21520,10780,10740
125031485,Merrylands - Holroyd,2523,2118,1612,1706,2387,2937,2950,2361,1900,1691,1663,1479,1257,1040,769,567,425,451,29836,14552,15284
125031486,Smithfield Industrial,0,0,0,0,4,7,7,2,5,2,1,3,2,2,0,0,0,0,35,14,21
125031487,Yennora Industrial,0,0,0,0,2,9,4,0,0,1,2,4,0,0,0,0,0,1,23,13,10
125041489,North Parramatta,1787,1169,923,1106,1591,2604,2998,2317,1649,1265,1223,1139,943,691,512,360,319,470,23066,11393,11673
125041490,North Rocks,570,616,540,502,454,333,503,555,598,544,558,535,473,496,417,259,132,139,8224,4231,3993
125041491,Northmead,2125,1460,908,681,1031,2241,3208,2363,1495,1031,850,784,704,671,531,408,301,430,21222,10747,10475
125041492,Parramatta - Rosehill,2854,1539,840,824,2523,5279,6011,3378,1670,1176,1076,930,845,646,386,309,214,241,30741,14500,16241
125041493,Toongabbie - Constitution Hill,1588,1472,1300,1240,1472,1607,1854,1594,1543,1421,1351,1301,1120,1005,835,769,584,546,22602,11420,11182
125041494,Winston Hills,844,874,753,630,541,557,717,874,903,771,645,575,522,584,618,315,202,194,11119,5621,5498
126011495,Epping - North Epping,1591,1765,1591,1910,2369,2257,2016,1956,1922,1765,1915,1782,1541,1174,800,665,508,583,28110,14128,13982
126011496,Pennant Hills - Cheltenham,1217,1491,1399,1490,1429,951,999,1299,1512,1537,1548,1425,1209,1104,862,655,483,568,21178,10890,10288
126021497,Eastwood - Denistone,1505,1550,1283,1581,2314,2281,1968,1732,1640,1626,1836,1668,1528,1232,851,661,486,514,26256,13318,12938
126021498,Gladesville - Huntleys Point,960,916,841,749,869,977,1104,1108,1239,1118,1029,892,784,761,568,447,323,385,15070,7733,7337
126021499,Hunters Hill - Woolwich,568,728,829,1003,562,429,463,537,724,785,705,642,569,601,443,336,248,647,10819,5367,5452
126021500,Macquarie Park - Marsfield,1407,906,610,1181,3165,2782,2590,1862,1279,1039,1008,963,909,779,589,501,454,760,22784,11798,10986
126021501,North Ryde - East Ryde,778,822,775,735,841,723,743,908,931,897,940,877,707,548,407,421,339,386,12778,6437,6341
126021503,West Ryde - Meadowbank,1412,1067,788,857,1426,2425,2609,1922,1418,1145,1101,1047,920,751,530,410,252,257,20337,10274,10063
127011504,Ashcroft - Busby - Miller,1427,1466,1457,1425,1382,1173,1121,1065,1012,1026,1164,1126,808,614,458,518,322,187,17751,9009,8742
127011505,Austral - Greendale,487,587,651,707,716,528,508,510,600,630,596,551,533,523,381,266,176,218,9168,4447,4721
127011506,Cobbitty - Leppington,1889,1434,1122,1022,1246,1926,1883,1480,1206,997,936,837,771,662,490,312,187,105,18505,9192,9313
127021509,Bonnyrigg Heights - Bonnyrigg,932,1169,1156,1278,1416,1193,1133,998,1046,1119,1186,1180,997,703,456,294,181,199,16636,8442,8194
127021510,Bossley Park - Abbotsbury,1045,1169,1287,1422,1573,1469,1128,1106,1232,1264,1391,1535,1275,1001,632,495,324,302,19650,9886,9764
127021511,Cabramatta - Lansvale,1646,1513,1477,1819,2112,2066,1842,1535,1698,1869,1773,1716,1410,1078,680,572,457,581,25844,13047,12797
127021512,Cabramatta West - Mount Pritchard,1178,1263,1282,1347,1481,1209,1152,1099,1165,1229,1160,1138,849,738,470,443,361,246,17810,8987,8823
127021513,Canley Vale - Canley Heights,1415,1346,1404,1600,1861,1585,1484,1316,1416,1471,1515,1463,1079,813,573,441,354,410,21546,10922,10624
127021514,Edensor Park,595,594,696,779,928,778,668,562,599,698,824,794,606,451,278,187,117,88,10242,5200,5042
127021515,Fairfield,1252,1171,1107,1144,1383,1546,1423,1227,1237,1240,1198,1115,954,731,559,439,355,282,18363,9217,9146
127021516,Fairfield - West,1328,1348,1376,1472,1562,1429,1326,1243,1273,1322,1296,1199,955,840,687,550,318,267,19791,10052,9739
127021517,Greenfield Park - Prairiewood,527,570,573,635,627,597,519,494,532,572,558,622,541,455,325,232,139,100,8618,4302,4316
127021518,Horsley Park - Kemps Creek,224,256,326,349,377,282,235,231,336,338,308,287,267,257,190,152,132,90,4637,2271,2366
127021519,Smithfield - Wetherill Park,1215,1251,1150,1202,1363,1346,1192,1128,1227,1131,1145,1176,1097,985,679,572,442,307,18608,9336,9272
127021520,St Johns Park - Wakeley,613,639,686,761,846,836,752,638,645,711,712,799,785,677,424,319,209,233,11285,5759,5526
127021521,Wetherill Park Industrial,1,0,0,0,0,10,6,0,1,15,0,1,5,4,0,2,0,1,46,14,32
127031522,Casula,1197,1179,1135,1196,1221,1165,1182,1048,1093,1137,1051,939,791,647,406,357,236,243,16223,8257,7966
127031523,Chipping Norton - Moorebank,1611,1477,1230,1085,1178,1343,1495,1507,1429,1188,1122,1060,964,995,756,377,256,246,19319,9733,9586
127031524,Holsworthy - Wattle Grove,1785,1615,1498,1620,1590,1576,1752,1654,1688,1587,1404,1086,773,608,447,295,245,281,21504,10576,10928
128011529,Gymea - Grays Point,1181,1229,1228,1148,1105,948,1027,1089,1390,1418,1285,1132,954,823,739,525,406,359,17986,9136,8850
128011530,Miranda - Yowie Bay,1252,1158,1066,1066,1055,1250,1298,1243,1325,1261,1185,1134,946,843,733,670,588,784,18857,9701,9156
128011531,Sylvania - Taren Point,998,965,958,913,925,794,890,976,1110,1124,1067,969,882,917,874,757,601,871,16591,8613,7978
128021533,Heathcote - Waterfall,429,475,411,419,397,337,338,385,496,450,452,381,407,300,278,232,201,286,6674,3440,3234
128021534,Illawong - Alfords Point,541,595,673,766,908,740,510,555,621,675,856,1090,862,625,310,214,132,163,10836,5409,5427
128021535,Menai - Lucas Heights - Woronora,1313,1441,1517,1728,1685,1222,1153,1215,1440,1614,1686,1690,1385,1035,651,375,230,312,21692,10888,10804
128021536,Oyster Bay - Como - Jannali,1575,1819,1506,1310,1202,984,1226,1485,1877,1632,1455,1365,1211,1129,883,501,364,450,21974,11066,10908
128021537,Royal National Park,0,4,0,4,0,4,5,4,5,2,0,0,0,0,0,0,0,0,28,16,12
128021538,Sutherland - Kirrawee,1538,1242,1081,1033,1205,1823,1889,1711,1577,1346,1276,1182,996,918,789,619,513,761,21499,11111,10388
101051539,Goulburn,1527,1501,1303,1407,1506,1622,1549,1360,1450,1445,1515,1469,1360,1227,1056,789,580,654,23320,11593,11727
101051540,Goulburn Region,685,766,887,752,524,527,562,620,785,928,1052,1040,999,1002,703,486,326,218,12862,6185,6677
101061541,Yass,472,477,431,396,367,362,391,375,437,451,427,423,369,380,278,219,183,218,6656,3454,3202
101061542,Yass Region,776,867,916,785,518,465,549,670,1034,1018,927,883,806,686,485,278,142,108,11913,5931,5982
101061543,Young,743,852,755,708,587,564,566,621,637,630,689,648,602,682,504,418,287,309,10802,5591,5211
101061544,Young Region,409,465,436,411,347,314,307,333,415,516,557,584,586,627,467,311,181,184,7450,3696,3754
107011545,Berkeley - Lake Heights - Cringila,1029,999,822,880,984,997,963,855,829,908,939,951,755,661,529,528,431,276,14336,7197,7139
107011546,Port Kembla - Warrawong,690,654,519,538,649,671,588,577,648,613,708,685,512,506,431,432,360,333,10114,5073,5041
107011547,Windang - Primbee,213,216,182,229,233,230,226,227,237,273,316,316,305,314,309,273,191,135,4425,2176,2249
107041548,Wollongong - East,441,339,294,663,2233,2057,1228,755,697,731,772,856,808,749,682,546,380,418,14649,7223,7426
107041549,Wollongong - West,998,887,833,1277,2397,1781,1360,1116,1052,971,944,858,757,721,519,450,320,333,17574,8555,9019
112031550,Banora Point,829,888,848,919,799,681,773,760,934,932,977,1043,987,1183,1048,912,691,757,15961,8453,7508
112031551,Terranora - North Tumblegum,205,244,256,280,174,125,169,198,218,244,246,273,206,186,122,87,56,39,3328,1672,1656
112031552,Tweed Heads South,348,402,338,383,390,356,394,350,396,449,439,500,548,665,666,620,490,565,8299,4458,3841
115011553,Castle Hill - Central,582,574,503,484,430,485,583,681,627,519,460,448,389,429,308,202,110,94,7908,4034,3874
115011554,Castle Hill - East,192,338,314,386,375,190,162,242,313,362,398,377,246,234,230,257,324,840,5780,3155,2625
115011555,Castle Hill - North,624,863,929,888,789,587,575,730,912,871,924,839,812,731,526,334,205,175,12314,6166,6148
115011556,Castle Hill - South,666,759,660,621,630,502,635,709,738,669,620,591,621,540,406,240,143,127,9877,5046,4831
115011557,Castle Hill - West,302,442,427,458,356,285,292,337,412,441,416,389,268,251,139,70,46,40,5371,2733,2638
115011558,Cherrybrook,850,1240,1504,1642,1378,929,826,1015,1421,1524,1561,1443,1237,993,675,474,333,429,19474,9844,9630
115011559,Kellyville,1669,2011,2030,1813,1571,1233,1485,1848,2068,1899,1579,1354,1117,863,604,364,208,118,23834,12027,11807
116011560,Blacktown (South),936,943,832,849,926,973,1040,964,888,774,810,708,593,486,342,335,209,136,12744,6321,6423
116011561,Blacktown (West),1280,1154,1015,1134,1270,1304,1459,1242,1065,1050,1011,911,695,571,473,417,318,350,16719,8297,8422
116021562,Acacia Gardens,315,339,279,237,274,255,347,400,306,260,263,233,140,131,53,40,12,21,3905,1917,1988
116021563,Quakers Hill,2035,1997,1611,1656,1607,1591,2174,2121,1825,1587,1441,1206,1008,764,411,241,156,162,23593,11879,11714
118021564,Kensington (NSW),599,546,422,1838,3762,1979,1318,969,723,620,611,517,395,413,307,262,221,246,15748,7759,7989
118021565,Kingsford,644,685,549,1324,3687,2177,1178,899,876,805,757,637,567,499,342,327,262,256,16471,7995,8476
118021566,Maroubra - North,588,582,523,532,795,805,773,736,780,647,671,599,502,430,385,303,309,405,10365,5338,5027
118021567,Maroubra - South,708,601,536,527,756,896,1013,960,811,750,669,634,595,532,442,351,254,258,11293,5811,5482
118021568,Maroubra - West,641,594,473,684,1244,1110,930,804,715,647,559,567,444,406,325,286,206,198,10833,5484,5349
118021569,Randwick - North,1213,936,679,649,1191,1959,2155,1733,1369,1178,957,853,723,664,486,357,273,505,17880,9352,8528
118021570,Randwick - South,785,697,526,593,1467,1764,1576,1194,1006,841,743,661,540,435,379,246,190,303,13946,7146,6800
119011571,Bankstown - North,1649,1184,971,920,1373,1762,1647,1247,1061,921,947,886,685,587,389,330,238,260,17057,8692,8365
119011572,Bankstown - South,1395,1167,955,1053,1397,1513,1387,1131,1093,983,997,990,791,604,435,342,264,268,16765,8349,8416
119021573,Lakemba,1948,1525,977,884,1368,1925,1894,1650,1083,907,842,783,601,460,396,283,236,294,18056,8301,9755
119021574,Wiley Park,1120,821,640,537,912,1171,1209,957,685,524,527,458,399,307,242,152,108,78,10847,5126,5721
120031575,Strathfield,1147,1062,1123,1639,3152,3727,2584,1657,1298,1418,1497,1382,1089,925,735,609,507,661,26212,12962,13250
120031576,Strathfield South,235,223,206,245,313,292,281,259,276,239,246,243,178,154,122,76,61,43,3692,1864,1828
121021577,Hornsby - East,991,728,488,483,784,1267,1552,1280,1029,790,647,595,487,401,246,215,154,175,12312,6255,6057
121021578,Hornsby - West,748,766,662,624,589,625,786,899,903,819,721,686,588,545,402,276,212,233,11084,5560,5524
121021579,Waitara - Wahroonga (West),791,692,535,400,442,681,1063,1054,819,613,472,419,443,383,282,283,250,357,9979,5120,4859
124051580,Colyton - Oxley Park,882,924,732,796,999,917,951,829,739,747,673,714,582,541,405,237,156,98,11922,6028,5894
124051581,St Marys - North St Marys,1384,1172,913,977,1381,1441,1292,1109,1043,1002,957,952,773,664,484,404,290,295,16533,8257,8276
125011582,Auburn - Central,1377,1149,951,1125,1926,2578,1836,1200,964,959,926,830,674,472,387,310,172,234,18070,8121,9949
125011583,Auburn - North,984,628,427,526,1434,2077,1573,971,633,577,554,495,329,251,211,141,97,63,11971,4982,6989
125011584,Auburn - South,663,657,614,650,750,879,732,573,479,507,542,479,381,324,196,157,129,185,8897,4350,4547
125011585,Berala,646,567,470,561,780,1033,841,602,577,548,581,557,483,385,208,193,158,122,9312,4449,4863
125011586,Lidcombe,1279,979,821,1160,2083,2698,2199,1572,1226,1234,1298,1341,1004,691,486,355,241,269,20936,10067,10869
125011587,Regents Park,369,374,289,337,430,463,420,334,305,342,337,369,287,234,133,122,72,77,5294,2609,2685
125041588,Pendle Hill - Girraween,1105,1106,773,637,721,956,1363,1350,1000,749,720,645,519,513,372,321,237,325,13412,6574,6838
125041589,Wentworthville - Westmead,1319,1239,833,789,1039,1424,1984,1638,1164,875,842,819,651,509,365,312,253,267,16322,7981,8341
126021590,Putney,220,308,334,329,304,183,190,218,287,370,341,312,255,235,138,110,84,105,4323,2239,2084
126021591,Ryde,1933,1575,1320,1474,2139,2780,2712,2334,1934,1825,1682,1472,1284,1147,838,708,604,745,28506,14531,13975
127011592,Badgerys Creek,1,5,6,1,6,10,2,7,0,0,3,4,4,2,5,2,1,3,62,36,26
127011593,Cecil Hills,377,502,630,660,613,498,406,385,573,571,607,493,383,267,144,106,55,26,7296,3649,3647
127011594,Green Valley,811,961,985,1129,1100,958,862,810,865,886,953,894,675,424,326,191,103,98,13031,6606,6425
127011595,Hinchinbrook,952,965,1028,1074,1044,904,979,897,887,888,951,749,564,391,240,167,89,56,12825,6450,6375
127011596,Hoxton Park - Carnes Hill - Horningsea Park,1046,1055,1001,961,792,817,1002,1021,960,819,780,578,425,320,201,100,73,49,12000,6094,5906
127011597,West Hoxton - Middleton Grange,1441,1429,1332,1201,1078,1121,1385,1367,1270,1117,894,716,481,389,226,140,93,60,15740,7814,7926
127031598,Liverpool,2483,1918,1595,1511,2177,2650,2663,2304,1905,1651,1652,1513,1288,1079,806,675,432,378,28680,14342,14338
127031599,Lurnea - Cartwright,997,1034,837,856,896,866,805,781,742,725,771,695,522,467,411,363,214,140,12122,6131,5991
127031600,Prestons - Edmondson Park,1499,1646,1585,1542,1223,1157,1366,1424,1567,1304,1138,901,632,455,283,219,139,175,18255,9210,9045
127031601,Warwick Farm,489,356,273,292,492,639,706,518,381,333,365,358,272,226,169,128,78,60,6135,2973,3162
128011602,Caringbah,956,767,587,540,703,1035,1095,960,949,745,703,702,588,514,432,325,259,386,12246,6312,5934
128011603,Caringbah South,810,917,847,865,765,557,584,703,909,825,818,881,762,692,500,393,351,316,12495,6309,6186
128011604,Cronulla - Kurnell - Bundeena,1363,1134,1107,1050,1539,2361,2198,1705,1601,1564,1677,1755,1559,1356,983,601,489,541,24583,12343,12240
128011605,Lilli Pilli - Port Hacking - Dolans Bay,172,211,275,273,225,137,112,155,230,258,281,246,201,161,125,84,66,52,3264,1660,1604
128011606,Woolaware - Burraneer,460,575,577,578,509,452,406,457,561,625,583,579,487,421,276,195,156,187,8084,4100,3984
128021607,Engadine,1333,1529,1283,1031,847,836,1120,1407,1402,1168,968,885,776,970,870,455,287,267,17434,8771,8663
128021608,Loftus - Yarrawarrah,503,572,532,447,459,389,419,467,570,535,487,434,454,385,298,254,128,102,7435,3780,3655
128021609,Woronora Heights,175,228,295,343,330,190,112,177,283,331,328,351,268,170,90,50,15,13,3749,1856,1893